antecedents,consequents,antecedent support,consequent support,support,confidence,lift,representativity,leverage,conviction,zhangs_metric,jaccard,certainty,kulczynski
Carne Bovina,Carne de Frango,0.13,0.13,0.09,0.6923076923076923,5.325443786982248,1.0,0.0731,2.8274999999999997,0.9335887611749681,0.5294117647058822,0.6463306808134394,0.6923076923076923
Carne de Frango,Carne Bovina,0.13,0.13,0.09,0.6923076923076923,5.325443786982248,1.0,0.0731,2.8274999999999997,0.9335887611749681,0.5294117647058822,0.6463306808134394,0.6923076923076923
Linguiça,Carne Bovina,0.09,0.13,0.06,0.6666666666666666,5.128205128205128,1.0,0.048299999999999996,2.61,0.8846153846153845,0.375,0.6168582375478927,0.5641025641025641
Maçã,Banana,0.08,0.15,0.06,0.75,5.0,1.0,0.048,3.4,0.8695652173913044,0.35294117647058826,0.7058823529411765,0.575
Mamão,Banana,0.11,0.15,0.08,0.7272727272727273,4.848484848484849,1.0,0.0635,3.1166666666666667,0.8918539325842697,0.4444444444444445,0.679144385026738,0.6303030303030304
Laranja,Banana,0.11,0.15,0.07,0.6363636363636365,4.242424242424243,1.0,0.053500000000000006,2.337500000000001,0.8587479935794542,0.368421052631579,0.572192513368984,0.5515151515151516
